{"cameraMode":{"drawMode":0,"name":"Shaded","section":"Shading Mode"},"sceneLighting":false,"audioPlay":false,"sceneViewState":{"m_AlwaysRefresh":false,"showFog":true,"showSkybox":false,"showFlares":true,"showImageEffects":true,"showParticleSystems":true,"showVisualEffectGraphs":true,"m_FxEnabled":true},"in2DMode":false,"pivot":{"x":0.9902939796447754,"y":-0.04514066502451897,"z":-0.004925060085952282},"rotation":{"x":-0.2761296033859253,"y":0.029698645696043969,"z":-0.00854418147355318,"w":-0.9606379866600037},"size":1.167158603668213,"orthographic":false}