{"cameraMode":{"drawMode":0,"name":"Shaded","section":"Shading Mode"},"sceneLighting":false,"audioPlay":false,"sceneViewState":{"m_AlwaysRefresh":false,"showFog":true,"showSkybox":false,"showFlares":true,"showImageEffects":true,"showParticleSystems":true,"showVisualEffectGraphs":true,"m_FxEnabled":true},"in2DMode":false,"pivot":{"x":-1.1769471168518067,"y":0.7099999189376831,"z":-1.0399999618530274},"rotation":{"x":-0.32630661129951479,"y":0.007934357039630413,"z":-0.0027802307158708574,"w":-0.9452518820762634},"size":0.7274612188339233,"orthographic":false}