{"cameraMode":{"drawMode":0,"name":"Shaded","section":"Shading Mode"},"sceneLighting":true,"audioPlay":false,"sceneViewState":{"m_AlwaysRefresh":false,"showFog":true,"showSkybox":true,"showFlares":true,"showImageEffects":true,"showParticleSystems":true,"showVisualEffectGraphs":true,"m_FxEnabled":true},"in2DMode":false,"pivot":{"x":-60.360740661621097,"y":15.23931884765625,"z":155.2032928466797},"rotation":{"x":0.0020782698411494495,"y":0.15033702552318574,"z":0.00031346033210866153,"w":-0.9886460900306702},"size":64.49187469482422,"orthographic":false}