{"cameraMode":{"drawMode":0,"name":"Shaded","section":"Shading Mode"},"sceneLighting":true,"audioPlay":false,"sceneViewState":{"m_AlwaysRefresh":false,"showFog":true,"showSkybox":true,"showFlares":true,"showImageEffects":true,"showParticleSystems":true,"showVisualEffectGraphs":true,"m_FxEnabled":true},"in2DMode":false,"pivot":{"x":-6.647983074188232,"y":7.201408386230469,"z":-9.465962409973145},"rotation":{"x":-0.1280471682548523,"y":0.0038745899219065906,"z":-0.0005104528972879052,"w":-0.9917790293693543},"size":7.11729621887207,"orthographic":false}